-0.1332725889772763	0.40485927344553296
-0.13305783540699823	0.20779162332542847
-0.13273570505158105	0.19438851003351915
-0.13209144434074674	0.17177075635342215
-0.13133980684477337	0.1736555691600969
-0.13112505327449525	0.02182342640018644
-0.1308029229190781	0.08360340173008103
-0.1305881693488	-0.037443465187475156
-0.13048079256366094	-0.06822874102982941
-0.13048079256366094	0.0038129929141832693
-0.12865538721629705	0.046535416532144276
-0.12860169882372752	-0.03660577060673082
-0.128548010431158	-0.09587266219439242
-0.12833325686087987	-0.14236471142570292
-0.12806481489803226	-0.20958970153043568
-0.12801112650546273	-0.2497990414061637
-0.12736686579462841	-0.2236210857579033
-0.12725948900948936	-0.2173383764023208
-0.12693735865407219	-0.2106368197563661
-0.12645416312094646	-0.2018410266585506
-0.12645416312094646	-0.23409226801720745
-0.12607834437295978	-0.2083331596593192
-0.12597096758782073	-0.30445861279973147
-0.12597096758782073	-0.3341967704161553
-0.12543408366212547	-0.26529639114993386
-0.12527301848441688	-0.3178617260916408
-0.12521933009184735	-0.32205019899536247
-0.12500457652156924	-0.3149297950590356
-0.1243066274181654	-0.2665529330210504
-0.12425293902559588	-0.28686702660410046
-0.12382343188503966	-0.3017361054123124
-0.12317917117420535	-0.31178844038124437
-0.12296441760392723	-0.323306740866479
-0.1226959756410796	-0.3241444354472233
-0.12264228724851008	-0.3254009773183398
-0.12242753367823198	-0.14215528778051684
-0.12226646850052339	-0.17440652913917368
-0.12215909171538435	-0.21754780004750687
-0.12215909171538435	-0.22885667688755537
-0.12215909171538435	-0.29419685418561337
-0.12183696135996719	-0.147600302555355
-0.12081688190114617	-0.15681494294354267
-0.12049475154572901	-0.16121283949245044
-0.12038737476058997	-0.2445634502765116
-0.12038737476058997	-0.25503463253581576
-0.12033368636802044	-0.1503228099427741
-0.12006524440517281	-0.30739054383233666
-0.12001155601260328	-0.33880409061024913
-0.11931360690919944	-0.32477270638278155
-0.11802508548753081	-0.3597464551288575
-0.1178103319172527	-0.36896109551704515
-0.11598492656988879	-0.3597464551288575
-0.11577017299961069	-0.3643537753229513
-0.11571648460704116	-0.3748249575822555
-0.11571648460704116	-0.4173379575550304
-0.11544804264419353	-0.3844584452608153
-0.11491115871849827	-0.3859244107771179
-0.11485747032592875	-0.36267838616146264
-0.11480378193335922	-0.383620750680071
-0.11432058640023347	-0.3890657654549092
-0.11432058640023347	-0.3788040068407911
-0.11389107925967726	-0.36623858812962606
-0.11303206497856484	-0.3727307211303946
-0.11297837658599531	-0.36498204625850955
-0.11270993462314768	-0.2724167950862607
-0.11265624623057816	-0.37021763738816166
-0.11185092034203525	-0.34362083444952907
-0.11179723194946574	-0.3859244107771179
-0.11174354355689621	-0.40163118416607413
-0.11174354355689621	-0.25503463253581576
-0.11168985516432668	-0.17126517446138242
-0.11147510159404857	-0.3291706029316893
-0.1110992828460619	-0.31618633693015213
-0.1105087105277971	-0.30739054383233666
-0.11024026856494946	-0.26801889853735295
-0.10938125428383705	-0.30739054383233666
-0.10895174714328083	-0.30739054383233666
-0.10884437035814178	-0.25503463253581576
-0.10879068196557225	-0.29419685418561337
-0.10836117482501603	-0.33733812509394656
-0.10830748643244652	-0.29419685418561337
-0.1080927328621684	-0.25503463253581576
-0.10798535607702936	-0.25503463253581576
-0.10728740697362552	-0.1503228099427741
-0.10723371858105599	-0.16770497249321903
-0.10718003018848646	-0.270741405924772
-0.10691158822563883	-0.15807148481465919
-0.1068578998330693	-0.2812125881840762
-0.10669683465536071	-0.1869719478503387
-0.10664314626279119	-0.13859508581235344
-0.10658945787022167	-0.003097987376957482
-0.10610626233709593	0.029572101272071525
-0.10594519715938734	-0.04561098734973241
-0.10546200162626161	0.18999061348461138
-0.10519355966341398	0.16004303222300148
-0.10497880609313587	0.11334155934650487
-0.10465667573771871	0.01931034265795344
-0.10460298734514918	0.000252790946019852
-0.10428085698973202	0.03438884511135144
-0.10347553110118914	-0.07178894299799284
-0.10347553110118914	0.006744923946788437
-0.10320708913834149	-0.08540147993508825
-0.10299233556806339	-0.008961849442167817
-0.1024017632497986	-0.07367375580466758
-0.10207963289438145	-0.03388326321931174
-0.10197225610924239	-0.05796698241571133
-0.10191856771667286	-0.08540147993508825
-0.10116693022069949	-0.05273139128605924
-0.10100586504299092	0.1430797169629287
-0.10095217665042139	0.1849644460001454
-0.10095217665042139	0.22370782035957082
-0.10073742308014327	0.15857706670669888
-0.1005763579024347	0.23941459374852708
-0.1005763579024347	0.27271295333311435
-0.10020053915444802	0.27606373165609166
-0.10020053915444802	0.16339381054597882
-0.09993209719160039	0.0752264559226377
-0.0993415248733356	0.06915317021224128
-0.09896570612534891	0.3187861552740527
-0.09864357576993175	0.1093625100879693
-0.09848251059222317	0.1395195149947653
-0.09842882219965364	0.2792050863338829
-0.09794562666652791	0.1256975544124838
-0.09789193827395838	0.15899591399707105
-0.0977308730962498	0.1925036972268444
-0.09756980791854122	0.22957168242478115
-0.0975161195259717	0.22328897306919865
-0.09730136595569358	0.21679684006843006
-0.09697923560027642	0.46915233251766053
-0.0969255472077069	0.1510378154799999
-0.09687185881513738	0.1344933475102993
-0.09665710524485926	-0.08917110554843775
-0.09660341685228974	-0.054825627737920074
-0.09633497488944211	0.0777395396648707
-0.09574440257117732	0.030200372207629774
-0.09563702578603826	-0.06613450457796857
-0.09542227221576016	-0.124982548875258
-0.09472432311235632	-0.040794243510452494
-0.09456325793464773	0.022661120980930774
-0.09434850436436963	0.08967668744047745
-0.09391899722381342	0.021404579109814272
-0.09375793204610484	0.11606406673392396
-0.09370424365353532	0.2739694952042308
-0.09354317847582673	0.31627307153181966
-0.09338211329811816	0.1950167809690774
-0.0932747365129791	0.058681987952937116
-0.09322104812040957	0.1872681060971923
-0.093059982942701	-0.032417297703009156
-0.09295260615756194	-0.10006113509811408
-0.09289891776499241	-0.08561090358027433
-0.09279154097985336	0.022242273690558607
-0.09257678740957526	-0.08477320899953
-0.09252309901700573	-0.07178894299799284
-0.0924694106244362	-0.019433031701471985
-0.0924694106244362	-0.18404001681773352
-0.09241572223186668	-0.13712912029605084
-0.09241572223186668	-0.2812125881840762
-0.09230834544672763	-0.33880409061024913
-0.0922546570541581	-0.2812125881840762
-0.09220096866158857	-0.2523121251483967
-0.09193252669874094	-0.29859475073452113
-0.09171777312846284	-0.22508705127420586
-0.09166408473589331	-0.2736733369573772
-0.09150301955818473	-0.2485424995350472
-0.09150301955818473	-0.23534880988832396
-0.09112720081019804	-0.28581990837817006
-0.09112720081019804	-0.18843791336664129
-0.09107351241762851	-0.2778618098610989
-0.09069769366964182	-0.2751393024736798
-0.09048294009936372	-0.28435394286186744
-0.0904292517067942	-0.3067622728967784
-0.09010712135137704	-0.3170240315108965
-0.09010712135137704	-0.25503463253581576
-0.08978499099595988	-0.32205019899536247
-0.08946286064054272	-0.3429925635139708
-0.08930179546283415	-0.29985129260563764
-0.08924810707026462	-0.3080188147678949
-0.08914073028512556	-0.3859244107771179
-0.08908704189255603	-0.30739054383233666
-0.08897966510741698	-0.2812125881840762
-0.08892597671484746	-0.30215495270268455
-0.08887228832227793	-0.34403968173990124
-0.08871122314456935	-0.34110775070729604
-0.08838909278915219	-0.3922071201327004
-0.08838909278915219	-0.393673085649003
-0.08822802761144362	-0.3737778393563251
-0.08817433921887409	-0.27325448966700505
-0.08812065082630456	-0.30739054383233666
-0.0880132740411655	-0.29294031231449685
-0.08785220886345693	-0.295662819701916
-0.08774483207831787	-0.3203748098338738
-0.08774483207831787	-0.26550581479512
-0.08769114368574835	-0.2860293320233561
-0.08758376690060929	-0.305715154670848
-0.08742270172290072	-0.3136732531879191
-0.08742270172290072	-0.1980714010452011
-0.08720794815262262	-0.2812125881840762
-0.08720794815262262	-0.28184085911963447
-0.08672475261949687	-0.25671002169730445
-0.08656368744178829	-0.2462388394380003
-0.08645631065664924	-0.22885667688755537
-0.08645631065664924	-0.2523121251483967
-0.08645631065664924	-0.2514744305676524
-0.08645631065664924	-0.24184094288909253
-0.08640262226407971	-0.21524413995045993
-0.08634893387151019	-0.22676244043569455
-0.08629524547894066	0.02873440669132719
-0.08613418030123209	-0.08833341096769341
-0.08602680351609303	-0.04121309080082466
-0.08591942673095397	-0.061946031674246914
-0.0857583615532454	-0.004145105602887899
-0.08565098476810634	-0.025925164702240572
-0.08559729637553681	-0.16623900697691643
-0.08548991959039777	-0.18780964243108303
-0.08543623119782824	-0.11723387400337293
-0.08543623119782824	0.008629736753463187
-0.08532885441268918	-0.05754813512533916
-0.08527516602011966	-0.2487519231802333
-0.08506041244984155	-0.2791183517322154
-0.08500672405727203	-0.2874952975396587
-0.0849530356647025	-0.2510555832772802
-0.08489934727213297	-0.3013172581219402
-0.08489934727213297	-0.25545347982618793
-0.08436246334643771	-0.2560817507617462
-0.08425508656129865	-0.24435402663132555
-0.08425508656129865	-0.25503463253581576
-0.08409402138359008	-0.3090659329938253
-0.08377189102817291	-0.2774429625707267
-0.0837182026356034	-0.30990362757456963
-0.08366451424303387	-0.3025737999930567
-0.08350344906532528	-0.32875175564131714
-0.08350344906532528	-0.26676235666623643
-0.08344976067275575	-0.29356858325005514
-0.08334238388761671	-0.37419668664669725
-0.08318131870990812	-0.37419668664669725
-0.08296656513963002	-0.3570239477414384
-0.0829128767470605	-0.32854233199613103
-0.08280549996192144	-0.33629100686801616
-0.08269812317678239	-0.3335684994805971
-0.08269812317678239	-0.34969412015992546
-0.08259074639164334	-0.3293800265768754
-0.08248336960650428	-0.21126509069192437
-0.08248336960650428	-0.28833299212040303
-0.08242968121393475	-0.27262621873144677
-0.0823223044287957	-0.2887518394107752
-0.08200017407337855	-0.32770463741538675
-0.08194648568080902	-0.20791431236894703
-0.0817317321105309	-0.24163151924390644
-0.08167804371796139	-0.22634359314532237
-0.08167804371796139	-0.19869967198075936
-0.08162435532539186	-0.21524413995045993
-0.08157066693282233	-0.07178894299799284
-0.08140960175511375	-0.17817615475252319
-0.08124853657740518	-0.2005844847874341
-0.08119484818483565	-0.013150322345889484
-0.08114115979226612	-0.03890943070377774
-0.08098009461455755	-0.10718153903444093
-0.08076534104427943	-0.12812390355304926
-0.08060427586657086	-0.18110808578512835
-0.08055058747400133	0.1621372686748623
-0.08033583390372322	0.12339389431543688
-0.0802821455111537	0.05554063327514586
-0.08022845711858417	0.07061913572854386
-0.08012108033344512	0.2339695789736889
-0.08012108033344512	-0.21356875078897128
-0.08006739194087559	-0.25964195272990964
-0.0796915731928889	-0.25671002169730445
-0.0796915731928889	-0.20644834685264443
-0.07963788480031937	-0.2485424995350472
-0.07963788480031937	-0.24142209559872038
-0.0794768196226108	-0.2156629872408321
-0.07931575444490221	-0.17440652913917368
-0.0792620660523327	-0.24581999214762812
-0.0792620660523327	-0.3530448984829028
-0.07910100087462411	-0.3532543221280889
-0.0786714937340679	-0.3170240315108965
-0.0786714937340679	-0.3189088443175712
-0.0786714937340679	-0.33733812509394656
-0.07861780534149837	-0.3555579822251358
-0.07861780534149837	-0.3404794797717378
-0.07856411694892886	-0.33880409061024913
-0.07851042855635933	-0.3392229379006213
-0.0784567401637898	-0.3515789329666002
-0.0784567401637898	-0.3415265979976682
-0.07829567498608121	-0.2914743467981943
-0.07813460980837264	-0.3335684994805971
-0.07813460980837264	-0.34466795267545947
-0.07808092141580311	-0.363516080742207
-0.07802723302323358	-0.35597682951550796
-0.07797354463066405	-0.3306365684479919
-0.07775879106038595	-0.39116000190676997
-0.07770510266781643	-0.38780922358379266
-0.07759772588267737	-0.3963955930364221
-0.07749034909753832	-0.3658197408392539
-0.07738297231239927	-0.3716836029044642
-0.07727559552726021	-0.37252129748520857
-0.07716821874212117	-0.3716836029044642
-0.07706084195698211	-0.36330665709702087
-0.07700715356441258	-0.3605841497096018
-0.07695346517184305	-0.3681234009363008
-0.07679239999413448	-0.376081499453372
-0.07657764642385637	-0.3683328245814869
-0.07652395803128684	-0.36561031719406784
-0.07647026963871732	-0.3754532285178137
-0.07647026963871732	-0.3829924797445127
-0.07647026963871732	-0.376081499453372
-0.07636289285357827	-0.3704270610333477
-0.07625551606843921	-0.33838524331987696
-0.07625551606843921	-0.3302177211576197
-0.07620182767586968	-0.3618406915807183
-0.07614813928330015	-0.353463745773275
-0.07598707410559158	-0.3176523024464547
-0.07587969732045252	-0.36665743541999823
-0.07587969732045252	-0.3568145240962523
-0.07545019017989632	-0.37398726300151114
-0.07545019017989632	-0.3605841497096018
-0.07539650178732679	-0.37126475561409206
-0.07534281339475726	-0.3695893664526034
-0.07528912500218773	-0.3658197408392539
-0.07528912500218773	-0.371055331968906
-0.07480592946906199	-0.35597682951550796
-0.07480592946906199	-0.33712870144876045
-0.07453748750621436	-0.34969412015992546
-0.07453748750621436	-0.3570239477414384
-0.0742153571507972	-0.3429925635139708
-0.07389322679538005	-0.35095066203104197
-0.07383953840281052	-0.33273080489985274
-0.07378585001024099	-0.19890909562594544
-0.07378585001024099	-0.2173383764023208
-0.07373216161767146	-0.13063698729528225
-0.07367847322510195	0.041509249047678276
-0.07367847322510195	-0.013569169636261652
-0.07362478483253242	0.033760574175793194
-0.07357109643996289	-0.019433031701471985
-0.07351740804739336	0.14768703715702255
-0.07330265447711526	-0.13356891832788742
-0.07330265447711526	-0.007077036635493066
-0.07324896608454573	0.10852481550722495
-0.07314158929940667	0.14810588444739473
-0.07314158929940667	-0.021736691798518903
-0.07303421251426762	-0.2784900807966571
-0.07303421251426762	-0.2585948345039792
-0.0729805241216981	-0.2694848640536555
-0.07281945894398952	-0.3170240315108965
-0.07276577055141999	-0.3103224748649418
-0.07265839376628094	-0.2874952975396587
-0.07244364019600283	-0.29587224334710205
-0.0723899518034333	-0.34362083444952907
-0.07233626341086379	-0.3455056472562038
-0.07201413305544661	-0.3492752728695533
-0.07190675627030757	-0.3507412383858559
-0.07179937948516851	-0.2717885241507025
-0.07163831430745994	-0.24267863746983687
-0.07163831430745994	-0.33733812509394656
-0.07158462591489041	0.03669250520839836
-0.07142356073718183	0.02433651014241944
-0.07142356073718183	-0.027391130218543155
-0.07120880716690373	-0.0734643321594815
-0.0711551187743342	-0.0632025735453634
-0.07104774198919514	-0.09985171145292801
-0.07104774198919514	-0.0066581893451209
-0.0709403652040561	-0.11095116464779042
-0.0709403652040561	-0.07953761786987791
-0.07088667681148657	-0.10864750455074351
-0.07088667681148657	0.18999061348461138
-0.07088667681148657	-0.0860297508706465
-0.07077930002634751	-0.08917110554843775
-0.07061823484863892	0.02370823920686119
-0.07056454645606941	0.004441263849741519
-0.07045716967093035	-0.05671044054459483
-0.0703497928857913	0.24318421936187656
-0.0703497928857913	0.20527853958319547
-0.0703497928857913	0.24108998291001574
-0.07029610449322177	0.20841989426098673
-0.07024241610065225	0.3313515739852177
-0.07018872770808272	0.3585766478594085
-0.07018872770808272	0.21700626371361614
-0.0701350393155132	0.28841972672207056
-0.0701350393155132	0.18328905683865673
-0.07008135092294367	0.1420325987369983
-0.07008135092294367	0.06454585001814744
-0.06997397413780461	0.06852489927668304
-0.06981290896009604	0.02433651014241944
-0.06981290896009604	0.23417900261887498
-0.06970553217495698	0.1598336085778154
-0.06965184378238745	0.23459784990924715
-0.06943709021210935	0.1774251947734464
-0.0693297134269703	0.1736555691600969
-0.06906127146412266	0.23376015532850283
-0.06900758307155314	0.18999061348461138
-0.06900758307155314	0.2289434114892229
-0.06890020628641408	0.27752969717239423
-0.06890020628641408	0.3267442537911238
-0.06890020628641408	0.053655820468471116
-0.06890020628641408	0.05910083524330928
-0.06879282950127504	0.02852498304614111
-0.0687391411087055	0.0006716382363920187
-0.0687391411087055	-0.010008967668098234
-0.06868545271613598	-0.049590036608267996
-0.06857807593099692	-0.08561090358027433
-0.06857807593099692	-0.14068932226421427
-0.06847069914585788	-0.16749554884803294
-0.06841701075328835	-0.1503228099427741
-0.06836332236071882	-0.2523121251483967
-0.06830963396814929	-0.22885667688755537
-0.06825594557557976	-0.2485424995350472
-0.06809488039787119	-0.2397467064372317
-0.06809488039787119	-0.2397467064372317
-0.06804119200530166	-0.02885709573484574
-0.06798750361273213	-0.12414485429451368
-0.0679338152201626	-0.1792232729784536
-0.06788012682759308	-0.15430185920130968
-0.06788012682759308	-0.16058456855689218
-0.06782643843502356	-0.06571565728759642
-0.06782643843502356	-0.08079415974099442
-0.06777275004245403	-0.09901401687218367
-0.0677190616498845	0.025383628368349856
-0.0677190616498845	0.01993861359351169
-0.06766537325731498	0.038786741660259194
-0.06750430807960639	0.1533414755770468
-0.06745061968703688	0.16674458886895613
-0.06739693129446735	0.05910083524330928
-0.06734324290189782	0.26245119471899625
-0.06728955450932829	0.23480727355443323
-0.06723586611675876	0.18999061348461138
-0.06712848933161972	-0.036815194251916906
-0.06707480093905019	-0.08917110554843775
-0.06680635897620255	-0.10047998238848625
-0.0666989821910635	-0.10278364248553318
-0.06659160540592444	-0.13168410552121268
-0.06648422862078539	-0.1415270168449586
-0.06648422862078539	-0.16121283949245044
-0.06643054022821587	-0.1955583173029681
-0.06637685183564634	-0.21440644536971562
-0.06637685183564634	-0.19890909562594544
-0.06632316344307682	-0.22885667688755537
-0.06626947505050729	-0.22780955866162494
-0.06626947505050729	-0.18718137149552477
-0.06621578665793776	-0.23430169166239354
-0.06621578665793776	-0.22320223846753112
-0.06616209826536823	-0.16749554884803294
-0.06605472148022919	-0.21273105620822694
-0.06600103308765966	-0.22236454388678678
-0.06594734469509013	-0.019433031701471985
-0.06573259112481203	-0.11095116464779042
-0.0656789027322425	-0.08477320899953
-0.0656789027322425	-0.12791447990786317
-0.06557152594710344	-0.011893780474772984
-0.06546414916196439	-0.003935681957701815
-0.06541046076939487	0.06328930814703095
-0.06535677237682534	-0.036815194251916906
-0.06530308398425581	0.48234602216438377
-0.06524939559168629	0.3914561601536236
-0.06519570719911676	0.41260794831741804
-0.06503464202140818	0.1623466923200484
-0.06503464202140818	0.24632557403966782
-0.06498095362883866	0.10538346082943371
-0.0648735768436996	-0.16121283949245044
-0.06481988845113007	-0.18131750943031444
-0.06481988845113007	-0.2271812877260667
-0.06460513488085197	-0.22131742566085635
-0.06455144648828244	-0.3203748098338738
-0.06449775809571291	-0.24498229756688378
-0.06439038131057385	-0.29294031231449685
-0.06428300452543481	-0.26466812021437564
-0.06417562774029575	-0.26550581479512
-0.06417562774029575	-0.24184094288909253
-0.06417562774029575	0.4331314655456542
-0.06401456256258718	0.4157493029952093
-0.06401456256258718	0.4446497660308888
-0.06401456256258718	0.2917705050450479
-0.06390718577744813	0.17051421448230564
-0.06390718577744813	0.06412700272777529
-0.06374612059973954	0.15920533764225714
-0.0636387438146005	0.15438859380297723
-0.06353136702946144	-0.03828115976821949
-0.06337030185175285	-0.14592491339386635
-0.06320923667404428	-0.11095116464779042
-0.06315554828147475	-0.09126534200029858
-0.0630481714963357	-0.10278364248553318
-0.06288710631862712	-0.10571557351813834
-0.0628334179260576	-0.12854275084342143
-0.06277972953348807	-0.1214223469070946
-0.06277972953348807	-0.14341182965163335
-0.06277972953348807	-0.10760038632481309
-0.06267235274834901	-0.09210303658104292
-0.06256497596320997	-0.09712920406550891
-0.06256497596320997	0.06999086479298562
-0.06256497596320997	-0.12414485429451368
-0.06251128757064044	-0.3289611792865032
-0.06251128757064044	-0.08058473609580834
-0.06251128757064044	-0.03451153415486999
-0.06245759917807091	0.012818209657184854
-0.06208178043008422	-0.08435436170915783
-0.06208178043008422	0.04779195840326078
-0.0620280920375147	0.23606381542554974
-0.06181333846723659	-0.07011355383650417
-0.06181333846723659	-0.08058473609580834
-0.06181333846723659	-0.05189369670531491
-0.06175965007466706	-0.010637238603656484
-0.06175965007466706	0.1937602390979609
-0.06175965007466706	0.30601131291770156
-0.06175965007466706	-0.06529680999722424
-0.06165227328952801	-0.05294081493124533
-0.061491208111819434	-0.03325499228375349
-0.061491208111819434	0.03040979585281586
-0.06138383132668038	-0.022574386379263237
-0.06127645454154133	-0.03199845041263699
-0.0612227661489718	-0.038490583413405575
-0.0612227661489718	0.09847248053829295
-0.0612227661489718	-0.04037539622008032
-0.061169077756402276	0.05721602243663453
-0.06111538936383275	-0.06278372625499125
-0.06095432418612417	-0.06466853906166599
-0.060524817045567954	-0.11116058829297651
-0.06047112865299843	0.19145657900091398
-0.060256375082720325	-0.059223524286827825
-0.060202686690150796	-0.013359745991075568
-0.060202686690150796	0.19815813564686865
-0.060095309905011746	0.06789662834112478
-0.06004162151244222	-0.3335684994805971
-0.05993424472730317	0.17239902728898038
-0.05988055633473364	0.3208803917259135
-0.05988055633473364	-0.022364962734077152
-0.05966580276445553	-0.0091712730873539
-0.05961211437188601	-0.03723404154228907
-0.05961211437188601	0.0752264559226377
-0.05950473758674695	0.16988594354674738
-0.05950473758674695	0.03229460865949061
-0.05945104919417742	-0.04330732725268549
-0.05945104919417742	0.1485247317377669
-0.05945104919417742	-0.10990404642186001
-0.059289984016468844	-0.104877878937394
-0.05923629562389932	-0.012103204119959068
-0.059182607231329794	-0.03660577060673082
-0.059128918838760265	-0.0141974405718199
-0.059128918838760265	0.009676854979393605
-0.059021542053621215	-0.06760047009427116
-0.058860476875912636	-0.08037531245062225
-0.058860476875912636	4.3367300833768615e-05
-0.05869941169820406	-0.05608216960903658
-0.05864572330563453	-0.05796698241571133
-0.05853834652049548	-0.10445903164702183
-0.0583772813427869	-0.07555856861134233
-0.0583772813427869	-0.10341191342109142
-0.05826990455764784	-0.10697211538925484
-0.05821621616507832	-0.1161867557774425
-0.05810883937993926	-0.13315007103751525
-0.05810883937993926	-0.1440401005871916
-0.05805515098736974	-0.16393534687986952
-0.05800146259480021	-0.15576782471761227
-0.057947774202230684	-0.14341182965163335
-0.057894085809661155	-0.03576807602598649
-0.057840397417091634	-0.14864742078128543
-0.057786709024522105	-0.15869975575021744
-0.05773302063195258	-0.11534906119669817
-0.05746457866910495	-0.015453982442936401
-0.05746457866910495	-0.1503228099427741
-0.05746457866910495	-0.12791447990786317
-0.05741089027653542	-0.08435436170915783
-0.0573572018839659	-0.02906651938003182
-0.05724982509882684	-0.17126517446138242
-0.05719613670625731	-0.18362116952736135
-0.05708875992111826	-0.1591186030405896
-0.05703507152854873	-0.2148252926600878
-0.05687400635084015	-0.2131499034985991
-0.05682031795827063	-0.16644843062210252
-0.0567666295657011	-0.11262655380927909
-0.0567666295657011	-0.16833324342877726
-0.05665925278056205	0.006744923946788437
-0.056605564387992524	-0.19744313010964284
-0.05622974564000584	-0.20854258330450529
-0.05622974564000584	-0.21147451433711045
-0.05612236885486679	-0.2397467064372317
-0.05606868046229726	-0.14299298236126118
-0.05606868046229726	-0.25503463253581576
-0.05601499206972773	-0.2462388394380003
-0.05585392689201915	-0.1013176769692306
-0.0557465501068801	-0.12770505626267709
-0.055639173321741044	-0.2133593271437852
-0.05558548492917152	-0.08561090358027433
-0.055478108144032465	-0.05063715483419841
-0.055478108144032465	0.17281787457935255
-0.055478108144032465	0.22622090410180382
-0.055209666181184835	-0.033045568638567405
-0.05515597778861531	-0.19136984439924645
-0.055102289396045785	0.23438842626406106
-0.05504860100347626	-0.08456378535434392
-0.05504860100347626	-0.11849041587448943
-0.05504860100347626	-0.1530453173301932
-0.05504860100347626	-0.14739087891016894
-0.0549412242183372	-0.16602958333173035
-0.05488753582576768	-0.11849041587448943
-0.05488753582576768	-0.16246938136356692
-0.05488753582576768	-0.19367350449629336
-0.05483384743319815	-0.15828090845984527
-0.05478015904062862	-0.08644859816101867
-0.0547264706480591	-0.14194586413533075
-0.05467278225548957	-0.1352443074893761
-0.05467278225548957	-0.15095108087833234
-0.05461909386292004	-0.07576799225652842
-0.05456540547035052	0.025174204723163774
-0.05456540547035052	-0.1365008493604926
-0.05445802868521146	-0.1442495242323777
-0.05445802868521146	-0.14697203161979677
-0.05440434029264194	-0.1563960956531705
-0.05440434029264194	-0.12979929271453794
-0.054296963507502884	-0.13964220403828384
-0.05424327511493336	-0.1354537311345622
-0.05424327511493336	-0.1377573912316091
-0.05424327511493336	-0.11869983951967551
-0.053974833152085726	-0.368542248226673
-0.053974833152085726	-0.09775747500106717
-0.0539211447595162	-0.14969453900721585
-0.053867456366946675	-0.11220770651890692
-0.053867456366946675	-0.13901393310272558
-0.053867456366946675	-0.11325482474483733
-0.053867456366946675	-0.0960820858395785
-0.05376007958180762	-0.15849033210503136
-0.05376007958180762	-0.16938036165470768
-0.05376007958180762	-0.08393551441878566
-0.0537063911892381	-0.15953745033096176
-0.05354532601152952	-0.21398759807934345
-0.05349163761895999	-0.21252163256304085
-0.05349163761895999	-0.2043541104007836
-0.05349163761895999	-0.2244587803386476
-0.05343794922639046	-0.2395372827920456
-0.05343794922639046	-0.16623900697691643
-0.05343794922639046	-0.16791439613840511
-0.05327688404868188	-0.20812373601413311
-0.05327688404868188	-0.20498238133634186
-0.0531158188709733	-0.18613425326959435
-0.053062130478403774	-0.25503463253581576
-0.05300844208583425	-0.21796664733787904
-0.052954753693264724	-0.2060294995622723
-0.052793688515556145	-0.19262638627036294
-0.052793688515556145	0.16904824896600307
-0.052740000122986616	0.08758245098861663
-0.052740000122986616	-0.03639634696154474
-0.052686311730417094	0.08360340173008103
-0.052686311730417094	0.11773945589541263
-0.05257893494527804	-0.08896168190325167
-0.05247155816013899	-0.08623917451583259
-0.05241786976756946	-0.18634367691478043
-0.05225680458986088	-0.15744321387910093
-0.05220311619729135	-0.20791431236894703
-0.05214942780472183	-0.12938044542416577
-0.0520957394121523	-0.22885667688755537
-0.05188098584187419	-0.11241713016409301
-0.05177360905673514	-0.18634367691478043
-0.051719920664165614	-0.14320240600644726
-0.051666232271596085	-0.13063698729528225
-0.051612543879026564	-0.17859500204289536
-0.051558855486457035	-0.1641447705250556
-0.051505167093887506	-0.22780955866162494
-0.05134410191617893	-0.1930452335607351
-0.05134410191617893	-0.23116033698460228
-0.051290413523609406	-0.13168410552121268
-0.05112934834590083	-0.1427835587160751
-0.05112934834590083	-0.1503228099427741
-0.05102197156076177	-0.16477304146061386
-0.05102197156076177	-0.16016572126652
-0.05102197156076177	-0.16749554884803294
-0.05091459477562272	-0.16728612520284686
-0.05086090638305319	-0.10257421884034709
-0.05086090638305319	-0.1402704749738421
-0.05080721799048366	-0.12812390355304926
-0.05075352959791414	-0.13210295281158485
-0.05075352959791414	-0.162678805008753
-0.05064615281277508	-0.14864742078128543
-0.05064615281277508	-0.15765263752428701
-0.05064615281277508	-0.15618667200798445
-0.050485087635066504	-0.16623900697691643
-0.050485087635066504	-0.19283580991554902
-0.050485087635066504	-0.19660543552889853
-0.050377710849927454	-0.22047973108011204
-0.050324022457357925	-0.22152684930604244
-0.050216645672218875	-0.25943252908472353
-0.05010926888707982	-0.21147451433711045
-0.04994820370937124	-0.03890943070377774
-0.04994820370937124	-0.16456361781542778
-0.04994820370937124	-0.06006121886757216
-0.04973345013909314	-0.10152710061441667
-0.04967976174652361	-0.19681485917408462
-0.04957238496138456	-0.010637238603656484
-0.049411319783675973	0.1535508992222329
-0.04935763139110645	0.18999061348461138
-0.04935763139110645	-0.20540122862671403
-0.04930394299853692	-0.16749554884803294
-0.049250254605967395	-0.21985146014455378
-0.049142877820828344	-0.20414468675559752
-0.049142877820828344	-0.20393526311041144
-0.049142877820828344	-0.19660543552889853
-0.049142877820828344	-0.19409235178666553
-0.049089189428258816	-0.22948494782311363
-0.048981812643119765	-0.20351641582003926
-0.04892812425055024	-0.2234116621127172
-0.048874435857980715	-0.13419718926344568
-0.048820747465411186	-0.14383067694200552
-0.04876705907284166	-0.13712912029605084
-0.04871337068027213	-0.12288831242339718
-0.04871337068027213	-0.22885667688755537
-0.04860599389513308	-0.15493013013686793
-0.04855230550256355	-0.18131750943031444
-0.04849861710999403	-0.17838557839770927
-0.04849861710999403	-0.13587257842493433
-0.04839124032485497	-0.1101134700670461
-0.04833755193228545	-0.11472079026113992
-0.04833755193228545	-0.25503463253581576
-0.04828386353971592	-0.15095108087833234
-0.04828386353971592	-0.1794326966236397
-0.04823017514714639	-0.20163160301336452
-0.04812279836200734	0.15145666277037206
-0.048069109969437814	-0.12917102177897968
-0.048015421576868285	-0.12854275084342143
-0.047908044791729235	-0.06529680999722424
-0.047639602828881605	-0.14613433703905243
-0.04758591443631208	-0.15723379023391484
-0.047478537651173026	-0.1641447705250556
-0.0474248492586035	-0.182783474946617
-0.04731747247346445	-0.1704274798806381
-0.04731747247346445	-0.1804798148495701
-0.04721009568832539	-0.18152693307550052
-0.04721009568832539	-0.1616316867828226
-0.04715640729575586	-0.17440652913917368
-0.04715640729575586	-0.13964220403828384
-0.04710271890318634	-0.260479647310654
-0.04710271890318634	-0.21294047985341302
-0.04710271890318634	-0.14320240600644726
-0.04710271890318634	-0.21168393798229654
-0.04699534211804728	0.18999061348461138
-0.04699534211804728	-0.21168393798229654
-0.04694165372547776	-0.23702419904981262
-0.04688796533290823	-0.06822874102982941
-0.04688796533290823	-0.12686736168193277
-0.04678058854776918	-0.079747041515064
-0.04678058854776918	-0.10634384445369659
-0.046673211762630125	-0.11534906119669817
-0.04645845819235202	-0.13838566216716736
-0.04645845819235202	-0.10424960800183576
-0.04645845819235202	-0.19765255375482893
-0.046404769799782496	-0.20498238133634186
-0.04635108140721297	-0.1513699281687045
-0.04635108140721297	-0.1442495242323777
-0.04619001622950439	-0.21503471630527388
-0.04619001622950439	-0.21356875078897128
-0.04613632783693486	-0.19095099710887428
-0.04608263944436534	-0.17105575081619634
-0.04602895105179581	-0.10550614987295226
-0.04602895105179581	-0.18864733701182734
-0.0458141974815177	-0.19974679020668978
-0.0458141974815177	-0.1980714010452011
-0.0458141974815177	-0.21440644536971562
-0.04570682069637865	-0.18948503159257168
-0.04565313230380912	-0.17838557839770927
-0.045599443911239594	-0.11053231735741825
-0.04554575551867007	-0.11597733213225643
-0.04554575551867007	-0.20875200694969137
-0.04554575551867007	-0.2083331596593192
-0.045492067126100544	-0.21985146014455378
-0.045438378733531015	-0.2296943714682997
-0.045277313555822436	-0.14801914984572717
-0.045277313555822436	-0.043516750897871576
-0.045169936770683386	-0.050218307543826245
-0.045169936770683386	0.004441263849741519
-0.04511624837811386	-0.05210312035050099
-0.04511624837811386	-0.05775755877052524
-0.04511624837811386	-0.2156629872408321
-0.04511624837811386	-0.07807165235357533
-0.045062559985544336	-0.010218391313284317
-0.04495518320040528	-0.031370179477078736
-0.04484780641526623	-0.025715741057054486
-0.04484780641526623	-0.04770522380159324
-0.0447941180226967	-0.2259247458549502
-0.04463305284498812	-0.09545381490402026
-0.04457936445241859	-0.03283614499338132
-0.04457936445241859	-0.09796689864625326
-0.04441829927471001	-0.09335957845215942
-0.04441829927471001	-0.006867612990306983
-0.04431092248957096	-0.04561098734973241
-0.04431092248957096	-0.17000863259026594
-0.044149857311862384	-0.05754813512533916
-0.04404248052672333	-0.1415270168449586
-0.04404248052672333	0.04716368746770253
-0.043827726956445226	0.022032850045372525
-0.0437740385638757	-0.05880467699645566
-0.04372035017130617	0.12360331796062296
-0.04366666177873665	-0.01231262776514515
-0.04361297338616712	0.03962443624100353
-0.04361297338616712	0.029781524917257607
-0.04361297338616712	-0.07513972132097016
-0.04339821981588901	-0.09377842574253159
-0.04323715463818043	-0.08184127796692484
-0.04323715463818043	-0.039747125284522074
-0.04312977785304138	-0.2121027852726687
-0.04307608946047185	-0.0734643321594815
-0.043022401067902324	-0.17189344539694068
-0.042861335890193746	-0.09042764741955425
-0.042861335890193746	-0.006239342054748733
-0.042807647497624224	0.059310258888495365
-0.042807647497624224	0.059310258888495365
-0.042753959105054695	0.05344639682328503
-0.042753959105054695	-0.08791456367732126
-0.04270027071248517	0.06789662834112478
-0.04270027071248517	-0.07430202674022583
-0.042646582319915645	-0.07576799225652842
-0.04248551714220706	-0.10047998238848625
-0.04237814035706801	-0.08540147993508825
-0.04232445196449848	-0.2156629872408321
-0.04221707517935943	-0.023202657314821486
-0.04221707517935943	-0.15346416462056534
-0.0421633867867899	-0.16979920894507985
-0.0421633867867899	-0.1442495242323777
-0.0419486332165118	-0.10257421884034709
-0.04189494482394227	-0.1591186030405896
-0.04184125643137274	-0.028438248444473572
-0.041787568038803215	-0.03576807602598649
-0.041626502861094636	-0.21440644536971562
-0.041572814468525114	-0.2625738837625148
-0.041411749290816535	-0.07178894299799284
-0.041250684113107956	-0.19534889365778202
-0.041250684113107956	-0.2397467064372317
-0.041250684113107956	-0.16958978529989377
-0.04119699572053843	-0.2512650069224663
-0.0411433073279689	-0.2271812877260667
-0.0411433073279689	-0.13231237645677094
-0.0411433073279689	-0.29985129260563764
-0.04103593054282985	-0.27199794779588854
-0.04103593054282985	-0.19451119907703768
-0.04098224215026032	-0.278071233506285
-0.04092855375769079	-0.2588042581491653
-0.04092855375769079	-0.1819457803658727
-0.04092855375769079	-0.30487746009010364
-0.04087486536512127	-0.20854258330450529
-0.04087486536512127	-0.2156629872408321
-0.04076748857998221	-0.11534906119669817
-0.04076748857998221	-0.09775747500106717
-0.04066011179484316	-0.12435427793969976
-0.04066011179484316	-0.11283597745446518
-0.040606423402273634	-0.1101134700670461
-0.04049904661713458	0.05951968253368145
-0.04049904661713458	-0.029485366670403988
-0.04039166983199553	0.07292279582559079
-0.040337981439426004	0.07962435247154545
-0.04023060465428695	-0.10110825332404451
-0.040176916261717426	-0.0709512484172485
-0.0401232278691479	0.021614002755000358
-0.04001585108400885	-0.06508738635203816
-0.04001585108400885	-0.049799460253454074
-0.03996216269143932	-0.15325474097537928
-0.03996216269143932	-0.09943286416255584
-0.03985478590630027	-0.13021814000491008
-0.03985478590630027	-0.14592491339386635
-0.03985478590630027	0.014074751528301356
-0.03974740912116121	-0.15262647003982102
-0.03969372072859169	-0.145087218813122
-0.03969372072859169	-0.034092686864497825
-0.03964003233602216	-0.049590036608267996
-0.0395326555508831	-0.13210295281158485
-0.03947896715831358	-0.1618411104280087
-0.03947896715831358	-0.1882284897214552
-0.03947896715831358	-0.16749554884803294
-0.03947896715831358	-0.04938061296308191
-0.03942527876574405	-0.11346424839002342
-0.039371590373174524	-0.08058473609580834
-0.039317901980605	-0.054616204092733996
-0.039317901980605	-0.056919864189780914
-0.039210525195465945	0.013446480592743105
-0.039210525195465945	-0.023830928250379736
-0.039210525195465945	0.029153253981699358
-0.039103148410326895	-0.3522072039021585
-0.038995771625187844	-0.26131734189139827
-0.03888839484004879	-0.25775713992323485
-0.03872732966234021	-0.019433031701471985
-0.03872732966234021	-0.3597464551288575
-0.03872732966234021	-0.25503463253581576
-0.03856626448463163	-0.25733829263286273
-0.0385125760920621	-0.3859244107771179
-0.03840519930692305	-0.2156629872408321
-0.03835151091435352	-0.2485424995350472
-0.038297822521784	-0.16958978529989377
-0.038297822521784	-0.17461595278435976
-0.03819044573664494	-0.25000846505134977
-0.03819044573664494	-0.2535686670195132
-0.03813675734407542	-0.16979920894507985
-0.037975692166366835	-0.18843791336664129
-0.037922003773797314	-0.20393526311041144
-0.037922003773797314	-0.19409235178666553
-0.037814626988658256	-0.23116033698460228
-0.037814626988658256	-0.19639601188371245
-0.037707250203519206	-0.13671027300567867
-0.03765356181094968	-0.10006113509811408
-0.037599873418380156	-0.19639601188371245
-0.03754618502581063	-0.2043541104007836
-0.03754618502581063	-0.2058200759170862
-0.0374924966332411	-0.2395372827920456
-0.03743880824067158	-0.11116058829297651
-0.03738511984810205	-0.18487771139847786
-0.03733143145553252	-0.22655301679050846
-0.037277743062963	-0.2060294995622723
-0.03722405467039347	-0.19388292814147945
-0.03722405467039347	-0.3203748098338738
-0.03722405467039347	-0.30739054383233666
-0.03717036627782394	-0.22676244043569455
-0.03717036627782394	-0.22508705127420586
-0.03706298949268489	-0.2083331596593192
-0.03695561270754583	-0.19597716459334028
-0.03690192431497631	-0.1618411104280087
-0.03690192431497631	-0.14341182965163335
-0.03690192431497631	0.0815091652782202
-0.03690192431497631	0.09595939679605996
-0.03684823592240678	-0.08121300703136658
-0.036633482352128675	-0.11932811045523375
-0.036579793959559154	-0.04665810557566283
-0.036472417174420096	-0.09671035677513676
-0.036365040389281046	0.016378411625348272
-0.036365040389281046	0.018263224432023023
-0.036365040389281046	0.029990948562443692
-0.03631135199671152	0.1485247317377669
-0.03625766360414199	-0.20142217936817844
-0.03620397521157247	-0.0583858297060835
-0.03615028681900294	-0.0659250809327825
-0.03615028681900294	-0.13021814000491008
-0.03615028681900294	-0.24016555372760387
-0.03615028681900294	0.04192809633805045
-0.03604291003386389	0.17910058393493505
-0.03598922164129436	0.015121869754231772
-0.03593553324872483	-0.15576782471761227
-0.03582815646358578	-0.05147484941494274
-0.03577446807101625	0.1925036972268444
-0.0356670912858772	0.20841989426098673
-0.0356670912858772	0.22705859868254816
-0.03561340289330767	0.03355115053060711
-0.035559714500738145	-0.05545389867347833
-0.03550602610816862	-0.09042764741955425
-0.035291272537890515	-0.3036209182189871
-0.03523758414532099	-0.069694706546132
-0.035183895752751465	-0.015035135152564235
-0.03480807700476478	-0.07178894299799284
-0.03475438861219525	-0.019433031701471985
-0.03470070021962572	0.011771091431254438
-0.03470070021962572	0.0010904855267641854
-0.0346470118270562	0.06957201750261345
-0.03459332343448667	0.09951959876422338
-0.03448594664934762	0.09972902240940945
-0.03443225825677809	0.015750140689790023
-0.03432488147163904	0.05156158401661028
-0.03427119307906951	0.0601479534692397
-0.03427119307906951	0.01993861359351169
-0.034110127901360934	0.008420313108277103
-0.0338416859385133	0.1709330617726778
-0.0338416859385133	0.289466844948001
-0.03373430915337425	0.024545933787605525
-0.03351955558309614	0.16004303222300148
-0.03346586719052662	0.10747769728129454
-0.03346586719052662	0.18810580067793664
-0.03341217879795709	0.12967660367101938
-0.03341217879795709	0.03459826875653753
-0.03325111362024851	0.20297487948614856
-0.03319742522767898	0.11187559383020229
-0.032982671657400875	0.27501661343016126
-0.03292898326483135	0.44004244583679497
-0.032821606479692296	0.2666396676227179
-0.032767918087122774	0.20946701248691715
-0.03266054130198372	0.20821047061580064
-0.03260685290941419	0.058681987952937116
-0.03249947612427514	0.3814038251846916
-0.03239209933913609	0.49156066255257147
-0.03239209933913609	0.25742502723453026
-0.03233841094656656	0.07355106676114903
-0.03223103416142751	0.4105137118655572
-0.03217734576885798	0.30831497301474853
-0.03212365737628845	0.1068494263457363
-0.03212365737628845	0.04234694362842261
-0.03206996898371893	0.1862209878712619
-0.03206996898371893	0.36444050992461885
-0.03196259219857987	-0.004563952893260065
-0.03196259219857987	0.18999061348461138
-0.03190890380601035	0.34936200747122087
-0.03185521541344082	0.2829747119472324
-0.031801527020871294	0.2678962094938344
-0.031747838628301765	-0.33482504135171354
-0.031694150235732244	-0.3279140610605728
-0.031640461843162715	-0.15241704639463494
-0.031533085058023665	-0.2183854946282512
-0.03142570827288461	-0.014406864217005984
-0.031210954702606503	-0.11095116464779042
-0.03110357791746745	-0.38927518910009523
-0.03094251273975887	0.22580205681143165
-0.030835135954619817	0.3001474508524912
-0.030835135954619817	0.11501694850799354
-0.03078144756205029	0.4080006281233242
-0.030674070776911238	0.32925733753335684
-0.030620382384341713	0.22035704203659348
-0.03051300559920266	0.23166591887664198
-0.03051300559920266	0.11459810121762137
-0.03051300559920266	0.27355064791385864
-0.03035194042149408	0.20171833761503205
-0.030298252028924555	0.23229418981220024
-0.030298252028924555	0.30370765282065465
-0.030244563636355026	0.19878640658242688
-0.030244563636355026	0.29407416514209483
-0.0301908752437855	0.3669535936668519
-0.030083498458646447	0.2984720616910026
-0.030029810066076922	0.3432887217608244
-0.030029810066076922	0.3742834212483648
-0.030029810066076922	0.226639751392176
-0.029653991318090236	0.2488386577819008
-0.029653991318090236	0.5020318448118757
-0.029653991318090236	0.22307954942401256
-0.02960030292552071	-0.11346424839002342
-0.02960030292552071	-0.12917102177897968
-0.029492926140381657	-0.12728620897230492
-0.029331860962673078	0.10768712092648063
-0.02927817257010355	-0.18466828775329178
-0.029224484177534024	-0.2349299625979518
-0.0291707957849645	-0.21691952911194862
-0.02911710739239497	-0.13042756365009617
-0.028902353822116866	-0.11639617942262859
-0.028848665429547338	-0.26131734189139827
-0.028794977036977813	-0.2284378295971832
-0.028794977036977813	-0.2854010610877979
-0.028741288644408287	-0.23367342072683528
-0.02858022346669971	-0.17817615475252319
-0.02858022346669971	-0.16833324342877726
-0.02852653507413018	-0.180270391204384
-0.028311781503852076	-0.1756630710102902
-0.028150716326143493	-0.20372583946522535
-0.028097027933573968	-0.1427835587160751
-0.028043339541004443	-0.13817623852198127
-0.02793596275586539	-0.12833332719823534
-0.027882274363295864	-0.033673839574125654
-0.027828585970726336	-0.08519205628990217
-0.02777489757815681	-0.15597724836279836
-0.027721209185587282	0.02119515546462819
-0.027721209185587282	-0.049590036608267996
-0.027667520793017757	-0.045192140059360245
-0.02761383240044823	-0.18592482962440826
-0.02761383240044823	-0.026972282928170988
-0.027506455615309178	-0.039747125284522074
-0.027452767222739653	-0.02215553908889107
-0.02729170204503107	0.02852498304614111
-0.02713063686732249	-0.1036213370662775
-0.02713063686732249	-0.12205061784265284
-0.027076948474752966	0.027477864820210692
-0.02686219490447486	-0.15765263752428701
-0.026808506511905333	-0.1980714010452011
-0.026647441334196754	-0.06676277551352683
-0.026593752941627226	-0.22948494782311363
-0.026593752941627226	-0.145087218813122
-0.0265400645490577	-0.1312652582308405
-0.026486376156488176	-0.14215528778051684
-0.026486376156488176	-0.1362914257153065
-0.026378999371349122	-0.1555584010724262
-0.026378999371349122	-0.21252163256304085
-0.026271622586210068	-0.19890909562594544
-0.026217934193640543	-0.2058200759170862
-0.026217934193640543	-0.18466828775329178
-0.026164245801071014	-0.31472037141384956
-0.026164245801071014	-0.18529655868885003
-0.026056869015931964	-0.17964212026882578
-0.025842115445653856	-0.2020504503037367
-0.025681050267945277	-0.3647726226133235
-0.025681050267945277	-0.30739054383233666
-0.025573673482806224	-0.09796689864625326
-0.0255199850902367	-0.32477270638278155
-0.02546629669766717	-0.3746155339370694
-0.025412608305097645	-0.39681444032679425
-0.02535891991252812	-0.3727307211303946
-0.02535891991252812	-0.3829924797445127
-0.02530523151995859	-0.3993275240690272
-0.025251543127389066	-0.40163118416607413
-0.02519785473481954	-0.26801889853735295
-0.025090477949680487	-0.26466812021437564
-0.02503678955711096	-0.3126261349619887
-0.02503678955711096	-0.3050868837352897
-0.02503678955711096	-0.3080188147678949
-0.024929412771971908	-0.3046680364449175
-0.024929412771971908	-0.2621550364721426
-0.024660970809124275	-0.21503471630527388
-0.024660970809124275	-0.21042739611118003
-0.02455359402398522	-0.22864725324236929
-0.02455359402398522	-0.2690660167632834
-0.024446217238846168	-0.29021780492707777
-0.024392528846276643	-0.27199794779588854
-0.024338840453707114	-0.30383034186417324
-0.02428515206113759	-0.33838524331987696
-0.02428515206113759	-0.3119978640264305
-0.02428515206113759	-0.34634334183694815
-0.02412408688342901	-0.31723345515608253
-0.02412408688342901	-0.26299273105288695
-0.024070398490859485	-0.16016572126652
-0.023909333313150902	-0.23702419904981262
-0.023909333313150902	-0.2900083812818917
-0.023855644920581377	-0.32602924825389806
-0.023748268135442323	-0.1972337064644568
-0.023640891350303273	-0.10152710061441667
-0.023640891350303273	-0.1515793518138906
-0.023587202957733745	-0.24016555372760387
-0.02353351456516422	-0.24896134682541937
-0.02347982617259469	-0.24812365224467503
-0.02347982617259469	-0.24644826308318638
-0.02347982617259469	-0.25168385421283845
-0.023426137780025166	-0.2271812877260667
-0.02337244938745564	-0.2621550364721426
-0.02321138420974706	-0.2585948345039792
-0.023157695817177533	-0.24435402663132555
-0.023157695817177533	-0.25964195272990964
-0.023104007424608008	-0.2636210019884452
-0.02305031903203848	-0.2600608000202818
-0.02294294224689943	-0.3090659329938253
-0.02294294224689943	-0.3029926472834289
-0.02294294224689943	-0.32372558815685115
-0.02294294224689943	-0.24288806111502295
-0.0228892538543299	-0.24917077047060546
-0.0228892538543299	-0.23828074092092913
-0.022835565461760375	-0.24163151924390644
-0.022674500284051796	-0.3226784699309207
-0.022674500284051796	-0.3226784699309207
-0.022620811891482268	-0.3427831398687847
-0.022567123498912742	-0.37189302654965034
-0.022567123498912742	-0.37754746496967456
-0.022567123498912742	-0.32142192805980424
-0.02245974671377369	-0.39032230732602563
-0.022352369928634635	-0.376081499453372
-0.022352369928634635	-0.3930448147134447
-0.022352369928634635	-0.35869933690292705
-0.022191304750926056	-0.3664480117748121
-0.022191304750926056	-0.3767097703889302
-0.022191304750926056	-0.28833299212040303
-0.022083927965787006	-0.3982804058430968
-0.022030239573217477	-0.46362058314115484
-0.021976551180647952	0.022032850045372525
-0.021922862788078423	0.03187576136911844
-0.021922862788078423	-0.34403968173990124
-0.021869174395508898	-0.35136950932141414
-0.021869174395508898	-0.36267838616146264
-0.021815486002939373	-0.3607935733547879
-0.021815486002939373	-0.36665743541999823
-0.021761797610369844	-0.34613391819176204
-0.021761797610369844	-0.32477270638278155
-0.021654420825230794	-0.15178877545907668
-0.021654420825230794	-0.35388259306364717
-0.021600732432661265	-0.30948478028419746
-0.021332290469813633	-0.3580710659673688
-0.021278602077244108	-0.30822823841308095
-0.02122491368467458	-0.2156629872408321
-0.02111753689953553	-0.2485424995350472
-0.021010160114396475	-0.2866576029589144
-0.020795406544118367	-0.27262621873144677
-0.020741718151548842	-0.29252146502412474
-0.020741718151548842	-0.1915792680444325
-0.020688029758979317	-0.16938036165470768
-0.02063434136640979	-0.1706369035258242
-0.020580652973840263	0.05700659879144845
-0.020580652973840263	-0.01231262776514515
-0.02047327618870121	-0.025087470121496237
-0.020419587796131684	0.017634953496464774
-0.020419587796131684	0.13051429825176372
-0.020365899403562156	0.060566800759611863
-0.02031221101099263	0.2967966725295139
-0.02031221101099263	0.09365573669901305
-0.02015114583328405	0.005488382075671937
-0.02015114583328405	-0.49587182449981165
-0.020097457440714523	-0.1591186030405896
-0.020097457440714523	-0.08205070161211092
-0.020043769048144998	-0.1515793518138906
-0.019990080655575473	-0.0985951695818115
-0.019990080655575473	-0.042469632671941156
-0.019775327085297365	-0.08623917451583259
-0.01972163869272784	-0.12330715971376935
-0.019614261907588786	-0.10508730258258009
-0.019614261907588786	-0.08812398732250734
-0.01956057351501926	-0.0759774159017145
-0.01929213155217163	-0.2462388394380003
-0.019184754767032575	0.10915308644278321
-0.018862624411615417	0.008210889463091021
-0.018862624411615417	0.00569780572085802
-0.018808936019045888	0.030200372207629774
-0.018755247626476363	-0.05105600212457058
-0.018701559233906838	0.20779162332542847
-0.018594182448767784	0.1558545593192798
-0.018540494056198255	0.05910083524330928
-0.018433117271059205	0.13637816031697406
-0.018272052093350626	0.11773945589541263
-0.018272052093350626	0.15061896818962772
-0.018110986915642044	0.09993844605459554
-0.018110986915642044	0.2781579681079525
-0.018003610130502994	-0.007705307571051316
-0.018003610130502994	-0.09210303658104292
-0.018003610130502994	-0.06424969177129383
-0.018003610130502994	0.10517403718424763
-0.017949921737933465	0.03564538698246794
-0.017842544952794415	0.0551217859847737
-0.017788856560224886	0.17951943122530722
-0.017788856560224886	-0.1036213370662775
-0.017788856560224886	0.07543587956782379
-0.017681479775085832	0.19166600264610006
-0.017681479775085832	0.369885524699457
-0.017574102989946782	-0.29419685418561337
-0.017574102989946782	-0.40163118416607413
-0.017520414597377253	-0.16770497249321903
-0.017520414597377253	-0.013778593281447734
-0.017466726204807728	0.1081059682168528
-0.017466726204807728	0.03124749043356019
-0.01725197263452962	0.29470243607765306
-0.017198284241960096	0.07103798301891603
-0.017198284241960096	0.2689433277197648
-0.01714459584939057	0.13721585489771837
-0.01709090745682104	0.28904799765762884
-0.01709090745682104	0.11459810121762137
-0.016929842279112463	-0.04142251444601074
-0.016876153886542938	0.21407433268101098
-0.016768777101403884	0.1736555691600969
-0.016768777101403884	0.08758245098861663
-0.01671508870883436	0.3868488399595298
-0.01666140031626483	0.13595931302660189
-0.016607711923695305	0.23585439178036366
-0.01650033513855625	0.1269540962836003
-0.01650033513855625	0.16381265783635096
-0.016392958353417197	0.36444050992461885
-0.016392958353417197	0.4785763965510343
-0.016124516390569565	0.1468493425762782
-0.01607082799800004	0.37679650499059775
-0.01607082799800004	0.33826255427635843
-0.016017139605430514	0.40297446063885817
-0.015802386035152407	-0.12414485429451368
-0.015695009250013353	0.024127086497233358
-0.015641320857443828	0.05910083524330928
-0.015641320857443828	0.19438851003351915
-0.015480255679735249	-0.058595253351269576
-0.015480255679735249	0.009467431334207521
-0.015426567287165722	0.15020012089925555
-0.015265502109457143	0.01993861359351169
-0.015265502109457143	0.06601181553445003
-0.015211813716887616	-0.1503228099427741
-0.015211813716887616	-0.09796689864625326
-0.015050748539179037	-0.1503228099427741
-0.01499706014660951	0.08946726379529137
-0.01499706014660951	0.324650017339263
-0.014889683361470457	0.12737294357397247
-0.014835994968900932	0.16255611596523448
-0.014782306576331405	0.20046179574391557
-0.014513864613483772	0.1194148450569013
-0.014299111043205666	0.0689437465670552
-0.014299111043205666	0.18098539674160982
-0.01424542265063614	0.29239877598060615
-0.01424542265063614	0.25721560358934414
-0.01424542265063614	0.36946667740908484
-0.014138045865497087	0.43878590396567846
-0.014030669080358034	0.025174204723163774
-0.014030669080358034	0.4423461059338419
-0.014030669080358034	0.2804616282049994
-0.013869603902649455	0.3612991552468276
-0.013654850332371349	0.36841955918315444
-0.013654850332371349	0.3062207365628877
-0.013654850332371349	-0.12414485429451368
-0.013601161939801822	0.15627340660965197
-0.013547473547232295	0.24234652478113225
-0.01349378515466277	0.31669191882219183
-0.01349378515466277	0.1068494263457363
-0.01349378515466277	0.27543546072053343
-0.01349378515466277	0.12255619973469255
-0.013386408369523716	0.18831522432312273
-0.01333271997695419	0.08716360369824445
-0.01317165479924561	0.26580197304197356
-0.013117966406676083	0.10622115541017804
-0.013117966406676083	0.12297504702506472
-0.013064278014106557	0.38077555424913334
-0.013064278014106557	0.4509324753864713
-0.013010589621537031	0.4167964212211397
-0.012903212836397978	0.1422420223821844
-0.012795836051258926	0.23187534252182807
-0.012795836051258926	0.4810894802932673
-0.012688459266119872	0.3007757217880495
-0.012688459266119872	0.33156099763040375
-0.012634770873550345	0.016378411625348272
-0.01258108248098082	0.27208468239755607
-0.012366328910702714	0.4065346626070216
-0.012312640518133187	0.427686450770816
-0.012312640518133187	0.4203566231893031
-0.012312640518133187	0.32213693359703
-0.01225895212556366	0.3248594409844491
-0.012205263732994133	0.29470243607765306
-0.012151575340424608	0.10328922437757287
-0.011990510162716028	0.2997286035621191
-0.011883133377576975	0.34580180550305745
-0.011883133377576975	0.2955401306583974
-0.011883133377576975	0.21616856913287183
-0.011883133377576975	-0.0018414455058409819
-0.011829444985007449	-0.24896134682541937
-0.011722068199868395	0.18182309132235414
-0.011561003022159816	0.3826603670558081
-0.011561003022159816	0.4593094211939146
-0.011399937844451237	-0.23534880988832396
-0.011292561059312183	-0.21922318920899553
-0.011024119096464552	-0.21922318920899553
-0.010970430703895025	-0.1591186030405896
-0.010809365526186446	-0.24938019411579154
-0.010487235170769287	-0.20142217936817844
-0.01043354677819976	-0.22047973108011204
-0.01043354677819976	-0.21608183453120428
-0.010272481600491181	-0.26194561282695655
-0.010272481600491181	-0.08623917451583259
-0.010218793207921654	-0.22257396753197287
-0.010111416422782602	-0.2445634502765116
-0.010057728030213075	0.13763470218809054
-0.010057728030213075	-0.22320223846753112
-0.010004039637643548	-0.21147451433711045
-0.010004039637643548	-0.25775713992323485
-0.010004039637643548	0.04569772195139995
-0.00984297445993497	-0.10990404642186001
-0.009789286067365443	-0.21796664733787904
-0.009789286067365443	-0.13566315477974827
-0.00968190928222639	-0.2221551202416007
-0.009574532497087337	-0.2221551202416007
-0.00952084410451781	-0.25503463253581576
-0.009413467319378758	-0.2018410266585506
-0.009413467319378758	-0.19388292814147945
-0.009413467319378758	-0.2502178886965359
-0.009413467319378758	-0.2502178886965359
-0.009359778926809231	-0.102364795195161
-0.009359778926809231	-0.1591186030405896
-0.009306090534239704	-0.15849033210503136
-0.009252402141670179	-0.17712903652659276
-0.00893027178625302	-0.20477295769115578
-0.008822895001113966	-0.10466845529220792
-0.008661829823405387	-0.11869983951967551
-0.008661829823405387	-0.043097903607499405
-0.00860814143083586	-0.19869967198075936
-0.008500764645696808	-0.2537780906646993
-0.00844707625312728	-0.17608191830066236
-0.008339699467988229	-0.0007943272799105649
-0.008178634290279648	-0.15074165723314625
-0.008124945897710123	-0.1754536473651041
-0.008071257505140596	-0.2791183517322154
-0.00801756911257107	-0.1704274798806381
-0.007963880720001542	0.022242273690558607
-0.007963880720001542	-0.25042731234172194
-0.007910192327432017	-0.24540114485725595
-0.00785650393486249	-0.2106368197563661
-0.0076954387571539105	-0.13587257842493433
-0.007534373579445331	-0.27032255863439986
-0.007212243224028172	-0.20079390843262018
-0.007212243224028172	0.020985731819442105
-0.00694380126118054	-0.1503228099427741
-0.006836424476041487	-0.23178860792016054
-0.00678273608347196	-0.2889612630559613
-0.00678273608347196	-0.31953711525312944
-0.006729047690902434	-0.2699037113440277
-0.006729047690902434	-0.13440661290863176
-0.0066753592983329075	-0.03388326321931174
-0.006460605728054802	-0.06424969177129383
-0.006353228942915749	0.09365573669901305
-0.006299540550346223	0.16737285980451438
-0.00619216376520717	0.1395195149947653
-0.006138475372637643	0.04506945101584169
-0.006084786980068116	0.18999061348461138
-0.00603109858749859	0.36444050992461885
-0.005923721802359537	0.3208803917259135
-0.005923721802359537	-0.019433031701471985
-0.00587003340979001	0.24234652478113225
-0.005762656624650957	0.0852787908915697
-0.0054942146618033256	-0.18948503159257168
-0.0054942146618033256	0.29470243607765306
-0.005440526269233799	-0.032417297703009156
-0.005386837876664273	0.3994142586706948
-0.005386837876664273	0.18999061348461138
-0.004957330736108061	0.25281770704043643
-0.004903642343538534	0.3994142586706948
-0.004796265558399481	0.4167964212211397
-0.004688888773260428	0.33658716511486975
-0.0046352003806909015	0.05910083524330928
-0.0045815119881213754	-0.07178894299799284
-0.0045278235955518486	0.29470243607765306
-0.00420569324013469	0.18999061348461138
-0.004152004847565164	-0.07178894299799284
-0.003990939669856584	-0.42780913981433455
-0.0038298744921480047	0.3994142586706948
-0.0038298744921480047	-0.04561098734973241
-0.003615120921869899	-0.07178894299799284
-0.003615120921869899	-0.07178894299799284
-0.0035614325293003724	0.5041260812637365
-0.003400367351591793	0.4343880074167707
-0.0033466789590222666	0.29470243607765306
-0.0032393021738832137	0.5041260812637365
-0.0031856137813136873	0.5041260812637365
-0.003131925388744161	0.5041260812637365
-0.0030782369961746344	0.3470583473741739
-0.003024548603605108	-0.3597464551288575
-0.002917171818466055	-0.29691936157303245
-0.002487664677909843	0.4203566231893031
-0.0024339762853403165	0.43878590396567846
-0.0024339762853403165	0.5041260812637365
-0.0024339762853403165	0.23648266271592192
-0.0022192227150622107	0.3994142586706948
-0.0022192227150622107	-0.082260125257297
-0.0022192227150622107	-0.04561098734973241
-0.0021655343224926842	0.4923983571333158
-0.0020581575373536313	0.20109006667947382
-0.001789715574505999	0.29470243607765306
-0.001789715574505999	0.48800046058440805
-0.0016823387893669462	0.04339406185435303
-0.0016823387893669462	0.3208803917259135
-0.0016823387893669462	0.13281795834881063
-0.0015212736116583666	0.3539693276653147
-0.0014675852190888402	0.33323638679189244
-0.0014138968265193137	-0.23534880988832396
-0.0013602084339497872	0.18999061348461138
-0.001199143256241208	0.4442309187405166
-0.001091766471102155	0.17260845093416646
-0.0010380780785326285	0.18203251496754022
-0.000984389685963102	0.07229452489003253
-0.0008770129008240491	0.05910083524330928
-0.0008233245082545226	-0.1503228099427741
-0.0007696361156849962	-0.39116000190676997
-0.0007696361156849962	-0.30215495270268455
-0.0006085709379764167	-0.30739054383233666
-0.00039381736769831085	-0.1503228099427741
-0.00028644058255925794	-0.17126517446138242
-0.00028644058255925794	0.3845451798624829
-0.00028644058255925794	0.3470583473741739
-0.0001253754048506785	0.2199381947462213
-0.0001253754048506785	0.18999061348461138
3.568977285790089e-05	0.5041260812637365
3.568977285790089e-05	0.5041260812637365
8.937816542742736e-05	0.48925700245552456
8.937816542742736e-05	0.16004303222300148
8.937816542742736e-05	0.29470243607765306
0.00019675495056648029	0.4808800566480812
0.00025044334313600674	0.3761682340550395
0.00025044334313600674	-0.019433031701471985
0.00030413173570553324	0.3994142586706948
0.0005725736985531656	0.3208803917259135
0.000733638876261745	0.16381265783635096
0.0007873272688312715	-0.07660568683727274
0.0010020808391093773	0.3340740813726368
0.0010557692316789037	0.4557492192257512
0.0011094576242484302	0.29470243607765306
0.0011094576242484302	0.4117702537366737
0.0011631460168179566	0.3994142586706948
0.0012168344093874833	-0.42780913981433455
0.0012705228019570098	0.24234652478113225
0.0013242111945265362	0.18999061348461138
0.0013242111945265362	-0.13712912029605084
0.0013242111945265362	0.18999061348461138
0.0013242111945265362	-0.019433031701471985
0.0014852763722351156	-0.47492945998120334
0.0015926531573741685	-0.1503228099427741
0.0018074067276522743	0.18999061348461138
0.0018074067276522743	-0.019433031701471985
0.0020221602979303803	-0.30739054383233666
0.0020758486904999067	-0.07178894299799284
0.002344290653347539	0.11145674653983012
0.0023979790459170655	-0.07178894299799284
0.0025053558310561184	0.18999061348461138
0.002559044223625645	0.13763470218809054
0.0026127326161951713	-0.019433031701471985
0.0028811745790428035	-0.019433031701471985
0.003149616541890436	0.18999061348461138
0.003149616541890436	0.21428375632619706
0.003256993327029489	0.2655925493967875
0.003471746897307595	0.11920542141171521
0.003471746897307595	0.34307929811563836
0.0035254352898771214	0.23187534252182807
0.00384756564529428	0.23187534252182807
0.0039012540378638065	0.30601131291770156
0.003954942430433333	0.35187509121345384
0.003954942430433333	0.4107231355107433
0.003954942430433333	0.26622082033234573
0.004116007608141912	0.02245169733574469
0.004384449570989545	0.2762731553012778
0.004438137963559071	0.4831837167451281
0.004599203141267651	-0.07178894299799284
0.004599203141267651	-0.09796689864625326
0.004652891533837177	-0.019433031701471985
0.004652891533837177	0.006744923946788437
0.004706579926406704	-0.019433031701471985
0.004867645104115283	0.0852787908915697
0.004975021889254336	0.29470243607765306
0.005189775459532442	0.29470243607765306
0.005189775459532442	0.28800087943169844
0.005297152244671495	0.20171833761503205
0.005404529029810548	0.269362175010137
0.005404529029810548	0.3732363030224344
0.005565594207519127	0.20171833761503205
0.00583403617036676	0.24234652478113225
0.005887724562936286	0.22957168242478115
0.0061024781332143915	0.2605663819123215
0.0061024781332143915	0.16653516522377004
0.006156166525783918	0.2536554016211807
0.006156166525783918	0.1847550223549593
0.006263543310922971	0.21554029819731357
0.006263543310922971	0.18517386964533147
0.006531985273770604	0.09784420960273471
0.006693050451479183	0.13910066770439314
0.00674673884404871	0.14412683518885913
0.006854115629187763	0.13616873667178797
0.006907804021757289	0.1395195149947653
0.006907804021757289	0.20276545584096248
0.0070688691994658685	0.31501652966070315
0.00749837634002208	0.27773912081758034
0.007605753125161133	0.07459818498707946
0.007605753125161133	0.18999061348461138
0.007766818302869712	0.15020012089925555
0.007820506695439239	0.15459801744816332
0.007874195088008766	0.08716360369824445
0.007927883480578293	0.08297513079452279
0.007927883480578293	0.10789654457166671
0.007981571873147818	0.3994142586706948
0.007981571873147818	0.06622123917963611
0.007981571873147818	0.13051429825176372
0.008035260265717345	-0.0116843568295869
0.008196325443425924	-0.033464415928939575
0.008196325443425924	0.08171858892340629
0.008303702228564977	0.12716351992878638
0.008357390621134504	0.037739623434328774
0.008357390621134504	0.006744923946788437
0.008518455798843083	-0.04226020902675508
0.00857214419141261	0.0021376037526946025
0.008679520976551662	-0.05440678044754791
0.008947962939399295	-0.07178894299799284
0.008947962939399295	0.13763470218809054
0.009109028117107874	0.0852787908915697
0.009270093294816454	-0.0935690020973455
0.009270093294816454	-0.06341199719054949
0.009377470079955506	-0.011265509539214734
0.009431158472525033	-0.061317760738688665
0.009592223650233612	-0.008333578506609566
0.009806977220511718	-0.17000863259026594
0.009860665613081245	-0.048542918382337576
0.009914354005650772	-0.11095116464779042
0.009914354005650772	-0.12205061784265284
0.009968042398220297	-0.08791456367732126
0.010182795968498403	-0.0709512484172485
0.010182795968498403	-0.09943286416255584
0.01023648436106793	-0.24896134682541937
0.010290172753637456	-0.11702445035818684
0.010397549538776509	-0.15493013013686793
0.010451237931346035	-0.1503228099427741
0.010504926323915562	-0.13712912029605084
0.010504926323915562	-0.13440661290863176
0.010612303109054614	-0.14089874590940035
0.010665991501624141	-0.14718145526498286
0.010719679894193668	-0.12561081981081626
0.010880745071902247	-0.11095116464779042
0.0109881218570413	-0.1402704749738421
0.0109881218570413	0.03480769240172361
0.011041810249610828	0.024127086497233358
0.011256563819888933	-0.00854300215179565
0.011525005782736564	-0.009590120377726066
0.011686070960445145	0.053655820468471116
0.011793447745584197	0.15857706670669888
0.011847136138153724	-0.02152726815333282
0.011900824530723251	-0.01775764253998332
0.011954512923292776	0.025174204723163774
0.011954512923292776	0.043184638209166945
0.012008201315862303	0.04611656924177211
0.01206188970843183	0.009676854979393605
0.012169266493570884	-0.038490583413405575
0.012222954886140409	-0.06215545531943299
0.012222954886140409	-0.061317760738688665
0.01238402006384899	-0.026972282928170988
0.01238402006384899	-0.038490583413405575
0.012491396848988041	-0.001422598215468815
0.012759838811835674	-0.034092686864497825
0.012813527204405201	0.06915317021224128
0.013135657559822359	0.008210889463091021
0.013243034344961413	0.009886278624579687
0.013350411130100465	0.03396999782097928
0.013618853092948097	0.0010904855267641854
0.013779918270656676	0.016587835270534354
0.013779918270656676	0.02245169733574469
0.013779918270656676	0.005488382075671937
0.013994671840934782	-0.06257430260980516
0.014746309336908153	0.04192809633805045
0.01479999772947768	-0.010008967668098234
0.015068439692325313	-0.038490583413405575
0.015175816477464365	-0.060898913448316494
0.015605323618020576	-0.043097903607499405
0.0156590120105901	-0.05503505138310616
0.015766388795729155	0.025174204723163774
0.015820077188298684	0.027687288465396774
0.015981142366007263	-0.018804760765913735
0.016034830758576788	-0.0835166671284135
0.016142207543715842	-0.04184136173638291
0.016464337899133	0.03543596333728186
0.01662540307684158	-0.0343021105096839
0.016679091469411107	-0.04833349473715149
0.016732779861980632	-0.030532484896334405
0.016786468254550158	-0.013988016926633817
0.016840156647119686	-0.01105608589402865
0.017001221824828265	-0.018385913475541568
0.01705491021739779	-0.015244558797750317
0.01737704057281495	-0.03618692331635866
0.017752859320801635	-0.07681511048245883
0.0182897432464969	0.01931034265795344
0.018397120031635954	0.005278958430485853
0.018504496816775007	0.0015093328171363522
0.018504496816775007	0.015959564334976105
0.018558185209344533	0.015121869754231772
0.018665561994483586	-0.007705307571051316
0.018665561994483586	-0.024249775540751903
0.018772938779622637	-0.016291677023680735
0.01888031556476169	-0.021736691798518903
0.01888031556476169	0.01009570226976577
0.01893400395733122	-0.08414493806397175
0.018987692349900744	-0.04456386912380199
0.019095069135039798	-0.06906643561057375
0.019095069135039798	-0.16205053407319478
0.019202445920178852	-0.09503496761364809
0.019309822705317902	-0.08686744545139083
0.01936351109788743	-0.08582032722546042
0.019417199490456956	-0.03639634696154474
0.01952457627559601	0.324650017339263
0.01968564145330459	0.36946667740908484
0.019793018238443642	0.27376007155904475
0.019846706631013167	0.5041260812637365
0.01995408341615222	0.22705859868254816
0.020007771808721746	0.24067113561964357
0.020007771808721746	0.30831497301474853
0.020061460201291275	0.2100952834224754
0.0201151485938608	0.18098539674160982
0.0201151485938608	0.0993101751190373
0.020168836986430325	0.14726818986665038
0.020329902164138904	0.14810588444739473
0.020544655734417012	0.18999061348461138
0.02070572091212559	0.1648597760622814
0.020813097697264644	0.21302721445508058
0.02086678608983417	0.20465026864763722
0.02134998162295991	0.224126667649943
0.02145735840809896	0.33721543605042803
0.021564735193238014	0.20800104697061456
0.021564735193238014	0.2563779090085998
0.021564735193238014	0.16360323419116488
0.021618423585807543	0.15564513567409372
0.021886865548655175	0.18789637703275056
0.022477437866919966	0.13260853470362455
0.02253112625948949	0.11334155934650487
0.022584814652059016	0.2821370173664881
0.022638503044628545	0.18894349525868098
0.02269219143719807	0.3596237660853389
0.0227458798297676	0.15878649035188497
0.022906945007476177	0.11376040663687705
0.022960633400045703	0.18328905683865673
0.02317538697032381	0.3300950321141012
0.02328276375546286	0.21847222922991874
0.023390140540601914	0.35082797298752344
0.023443828933171443	0.28234644101167417
0.023712270896019072	0.15878649035188497
0.023712270896019072	0.17784404206381857
0.023873336073727654	0.004441263849741519
0.023980712858866705	0.014493598818673521
0.024141778036575284	0.010305125914951854
0.024195466429144812	0.020776308174256023
0.02435653160685339	-0.05733871148015308
0.02451759678456197	-0.08372609077359959
0.024732350354840078	-0.079747041515064
0.02494710392511818	-0.07178894299799284
0.02516185749539629	-0.06362142083573558
0.02516185749539629	0.18705868245200621
0.025215545887965814	0.15250378099630246
0.025322922673104868	0.13512161844585754
0.025430299458243922	0.13156141647769412
0.025430299458243922	0.1508283918348138
0.025483987850813447	0.1608807268037458
0.0255913646359525	0.1686294016756309
0.025645053028522026	0.14726818986665038
0.02591349499136966	0.15061896818962772
0.025967183383939184	0.15376032286741897
0.026074560169078238	0.1686294016756309
0.026074560169078238	0.13365565292955497
0.02618193695421729	0.12381274160580905
0.026826197665051607	0.12213735244432038
0.026879886057621136	0.14643049528590604
0.027040951235329715	0.11606406673392396
0.027040951235329715	0.15020012089925555
0.02725570480560782	0.18999061348461138
0.027363081590746872	0.18999061348461138
0.027363081590746872	0.329676184823729
0.027363081590746872	0.46915233251766053
0.02757783516102498	0.38538287444322716
0.02757783516102498	0.2871631848509541
0.02773890033873356	0.24234652478113225
0.02773890033873356	0.4157493029952093
0.027792588731303084	0.15920533764225714
0.027792588731303084	0.1332368056391828
0.027846277123872613	0.19459793367870523
0.027846277123872613	0.24611615039448173
0.027953653909011663	0.38203209612024985
0.02800734230158119	0.24234652478113225
0.028061030694150717	0.21239894351952232
0.028275784264428824	0.3007757217880495
0.02832947265699835	0.29135165775467575
0.02832947265699835	0.33930967250228883
0.028436849442137403	0.3929221256699262
0.02849053783470693	0.34161333259933574
0.028544226227276457	0.32527828827482125
0.028597914619845982	0.304545347401399
0.028705291404985036	0.16318438690079273
0.028866356582693615	0.28171817007611594
0.028866356582693615	0.18684925880682016
0.028866356582693615	0.1824513622579124
0.02892004497526314	0.10915308644278321
0.02897373336783267	0.14622107164071996
0.029027421760402194	0.20318430313133465
0.029295863723249826	0.2301999533603394
0.02934955211581935	0.20988585977728932
0.02940324050838888	0.12402216525099513
0.029779059256375563	0.1447551061244174
0.029832747648945092	0.18684925880682016
0.029832747648945092	0.1370064312525323
0.029832747648945092	0.1621372686748623
0.029886436041514617	0.1332368056391828
0.02999381282665367	0.15396974651260506
0.030101189611792725	0.19229427358165832
0.030101189611792725	0.1736555691600969
0.03015487800436225	-0.097338627710695
0.030262254789501303	-0.165191888750986
0.030369631574640357	-0.07178894299799284
0.030369631574640357	-0.07178894299799284
0.030477008359779408	-0.10927577548630175
0.030638073537487986	-0.07451145038541192
0.030852827107766094	-0.01231262776514515
0.030960203892905148	0.027059017529838525
0.031067580678044198	0.11711118495985438
0.03122864585575278	-0.09440669667808983
0.0312823342483223	-0.09210303658104292
0.03138971103346136	0.0651741209537057
0.03149708781860041	0.04695426382251645
0.03155077621116994	0.02873440669132719
0.031872906566587096	-0.0020508691510270653
0.032033971744295675	0.02433651014241944
0.032087660136865204	0.03522653969209578
0.03240979049228236	0.16779170709488656
0.03246347888485189	0.06307988450184486
0.03246347888485189	0.09742536231236254
0.03283929763283857	0.16527862335265356
0.0328929860254081	0.24444076123299308
0.03294667441797763	0.46915233251766053
0.033161427988255734	0.24381249029743482
0.033161427988255734	0.06873432292186912
0.03348355834367289	0.1317708401228802
0.033537246736242414	0.14349856425330088
0.03364462352138147	0.3309327266948455
0.03375200030652052	0.37595881040985346
0.03385937709165958	0.3359588941793115
0.03396675387679863	0.2758543080109056
0.03504052172818916	0.3030793818850964
0.03509421012075868	0.35815780056903634
0.03520158690589774	-0.02529689376668232
0.03536265208360632	-0.07178894299799284
0.035416340476175846	0.369885524699457
0.035738470831593004	0.34182275624452185
0.03600691279444063	0.10999078102352754
0.03649010832756637	0.22349839671438473
0.03649010832756637	-0.3597464551288575
0.0365437967201359	0.012608786011998772
0.03659748511270543	-0.04561098734973241
0.03665117350527495	-0.08623917451583259
0.036758550290414006	0.02245169733574469
0.03724174582353974	-0.05377850951198966
0.03745649939381785	0.00883916039864927
0.03761756457152643	0.01616898798016219
0.03767125296409596	0.05784429337219278
0.03772494135666548	0.11103789924945796
0.03772494135666548	0.03962443624100353
0.038100760104652166	0.12883890909027504
0.038315513674930274	-0.05545389867347833
0.03869133242291696	0.17260845093416646
0.03874502081548648	0.19564505190463566
0.03901346277833412	-0.20246929759410887
0.03906715117090365	-0.21356875078897128
0.03906715117090365	-0.23116033698460228
0.03912083956347317	-0.20665777049783052
0.039228216348612226	-0.20917085424006354
0.039335593133751276	-0.17985154391401184
0.039442969918890326	-0.20917085424006354
0.039442969918890326	-0.20875200694969137
0.039550346704029384	-0.21691952911194862
0.039604035096598905	-0.15430185920130968
0.03971141188173796	-0.19388292814147945
0.03981878866687701	-0.21503471630527388
0.03987247705944654	-0.23828074092092913
0.04014091902229417	-0.22571532220976412
0.0401946074148637	0.10328922437757287
0.04035567259257228	-0.14718145526498286
0.04078517973312849	0.1405666332206957
0.04116099848111517	0.2519800124596921
0.04126837526625423	0.3208803917259135
0.04132206365882375	0.3160636478866336
0.04132206365882375	0.4207754704796753
0.04142944044396281	0.28276528830204634
0.04153681722910186	-0.07178894299799284
0.041644194014240916	0.024127086497233358
0.042020012762227596	0.01700668256090652
0.04212738954736665	0.24234652478113225
0.04228845472507523	-0.4592226865922471
0.04250320829535334	0.4412989877079114
0.04250320829535334	0.006744923946788437
0.04277165025820097	0.06287046085665879
0.04346959936160481	0.05302754953291287
0.043576976146743863	0.006744923946788437
0.043576976146743863	0.1319802637680663
0.04368435293188292	-0.14047989861902818
0.04379172971702197	0.037111352498770525
